INSERT INTO CONTENT (ID, TITLE, DESCRIPTION, PRICE, IS_PAID, IS_ADULT, CREATED_BY, UPDATED_BY, CREATED_AT, UPDATED_AT) VALUES ('8b8eeb6c-81f4-11ef-ab40-00ff7a237fef', 'Content 1', 'Description 1', 100, 0, 1, 'user1', 'user1', '2024-10-04 11:01:18', '2024-10-05 20:55:48');
INSERT INTO CONTENT (ID, TITLE, DESCRIPTION, PRICE, IS_PAID, IS_ADULT, CREATED_BY, UPDATED_BY, CREATED_AT, UPDATED_AT) VALUES ('8b8ef9de-81f4-11ef-ab40-00ff7a237fef', 'Content 2', 'Description 2', 200, 1, 1, 'user2', 'user2', '2024-10-04 11:01:18', '2024-10-05 20:55:47');
INSERT INTO CONTENT (ID, TITLE, DESCRIPTION, PRICE, IS_PAID, IS_ADULT, CREATED_BY, UPDATED_BY, CREATED_AT, UPDATED_AT) VALUES ('8b8efa7d-81f4-11ef-ab40-00ff7a237fef', 'Content 3', 'Description 3', 150, 0, 1, 'user3', 'user3', '2024-10-04 11:01:18', '2024-10-05 20:55:48');
INSERT INTO CONTENT (ID, TITLE, DESCRIPTION, PRICE, IS_PAID, IS_ADULT, CREATED_BY, UPDATED_BY, CREATED_AT, UPDATED_AT) VALUES ('8b8efab0-81f4-11ef-ab40-00ff7a237fef', 'Content 4', 'Description 4', 250, 1, 1, 'user4', 'user4', '2024-10-04 11:01:18', '2024-10-05 20:55:47');
INSERT INTO CONTENT (ID, TITLE, DESCRIPTION, PRICE, IS_PAID, IS_ADULT, CREATED_BY, UPDATED_BY, CREATED_AT, UPDATED_AT) VALUES ('8b8efad8-81f4-11ef-ab40-00ff7a237fef', 'Content 5', 'Description 5', 300, 0, 1, 'user5', 'user5', '2024-10-04 11:01:18', '2024-10-05 20:55:47');
INSERT INTO CONTENT (ID, TITLE, DESCRIPTION, PRICE, IS_PAID, IS_ADULT, CREATED_BY, UPDATED_BY, CREATED_AT, UPDATED_AT) VALUES ('8b8efb00-81f4-11ef-ab40-00ff7a237fef', 'Content 6', 'Description 6', 350, 1, 0, 'user6', 'user6', '2024-10-04 11:01:18', '2024-10-04 11:01:18');
INSERT INTO CONTENT (ID, TITLE, DESCRIPTION, PRICE, IS_PAID, IS_ADULT, CREATED_BY, UPDATED_BY, CREATED_AT, UPDATED_AT) VALUES ('8b8efb28-81f4-11ef-ab40-00ff7a237fef', 'Content 7', 'Description 7', 400, 0, 0, 'user7', 'user7', '2024-10-04 11:01:18', '2024-10-04 11:01:18');
INSERT INTO CONTENT (ID, TITLE, DESCRIPTION, PRICE, IS_PAID, IS_ADULT, CREATED_BY, UPDATED_BY, CREATED_AT, UPDATED_AT) VALUES ('8b8efb53-81f4-11ef-ab40-00ff7a237fef', 'Content 8', 'Description 8', 450, 1, 0, 'user8', 'user8', '2024-10-04 11:01:18', '2024-10-04 11:01:18');
INSERT INTO CONTENT (ID, TITLE, DESCRIPTION, PRICE, IS_PAID, IS_ADULT, CREATED_BY, UPDATED_BY, CREATED_AT, UPDATED_AT) VALUES ('8b8efb7d-81f4-11ef-ab40-00ff7a237fef', 'Content 9', 'Description 9', 500, 0, 0, 'user9', 'user9', '2024-10-04 11:01:18', '2024-10-04 11:01:18');
INSERT INTO CONTENT (ID, TITLE, DESCRIPTION, PRICE, IS_PAID, IS_ADULT, CREATED_BY, UPDATED_BY, CREATED_AT, UPDATED_AT) VALUES ('8b8efb9d-81f4-11ef-ab40-00ff7a237fef', 'Content 10', 'Description 10', 550, 1, 0, 'user10', 'user10', '2024-10-04 11:01:18', '2024-10-04 11:01:18');
INSERT INTO CONTENT (ID, TITLE, DESCRIPTION, PRICE, IS_PAID, IS_ADULT, CREATED_BY, UPDATED_BY, CREATED_AT, UPDATED_AT) VALUES ('8b8efbc4-81f4-11ef-ab40-00ff7a237fef', 'Content 11', 'Description 11', 600, 0, 0, 'user1', 'user1', '2024-10-04 11:01:18', '2024-10-04 11:01:18');
INSERT INTO CONTENT (ID, TITLE, DESCRIPTION, PRICE, IS_PAID, IS_ADULT, CREATED_BY, UPDATED_BY, CREATED_AT, UPDATED_AT) VALUES ('8b8efc85-81f4-11ef-ab40-00ff7a237fef', 'Content 12', 'Description 12', 650, 1, 0, 'user2', 'user2', '2024-10-04 11:01:18', '2024-10-04 11:01:18');
INSERT INTO CONTENT (ID, TITLE, DESCRIPTION, PRICE, IS_PAID, IS_ADULT, CREATED_BY, UPDATED_BY, CREATED_AT, UPDATED_AT) VALUES ('8b8efcab-81f4-11ef-ab40-00ff7a237fef', 'Content 13', 'Description 13', 700, 0, 0, 'user3', 'user3', '2024-10-04 11:01:18', '2024-10-04 11:01:18');
INSERT INTO CONTENT (ID, TITLE, DESCRIPTION, PRICE, IS_PAID, IS_ADULT, CREATED_BY, UPDATED_BY, CREATED_AT, UPDATED_AT) VALUES ('8b8efcd2-81f4-11ef-ab40-00ff7a237fef', 'Content 14', 'Description 14', 750, 1, 0, 'user4', 'user4', '2024-10-04 11:01:18', '2024-10-04 11:01:18');
INSERT INTO CONTENT (ID, TITLE, DESCRIPTION, PRICE, IS_PAID, IS_ADULT, CREATED_BY, UPDATED_BY, CREATED_AT, UPDATED_AT) VALUES ('8b8efcf3-81f4-11ef-ab40-00ff7a237fef', 'Content 15', 'Description 15', 800, 0, 0, 'user5', 'user5', '2024-10-04 11:01:18', '2024-10-04 11:01:18');
INSERT INTO CONTENT (ID, TITLE, DESCRIPTION, PRICE, IS_PAID, IS_ADULT, CREATED_BY, UPDATED_BY, CREATED_AT, UPDATED_AT) VALUES ('8b8efd14-81f4-11ef-ab40-00ff7a237fef', 'Content 16', 'Description 16', 850, 1, 0, 'user6', 'user6', '2024-10-04 11:01:18', '2024-10-04 11:01:18');
INSERT INTO CONTENT (ID, TITLE, DESCRIPTION, PRICE, IS_PAID, IS_ADULT, CREATED_BY, UPDATED_BY, CREATED_AT, UPDATED_AT) VALUES ('8b8efd38-81f4-11ef-ab40-00ff7a237fef', 'Content 17', 'Description 17', 900, 0, 0, 'user7', 'user7', '2024-10-04 11:01:18', '2024-10-04 11:01:18');
INSERT INTO CONTENT (ID, TITLE, DESCRIPTION, PRICE, IS_PAID, IS_ADULT, CREATED_BY, UPDATED_BY, CREATED_AT, UPDATED_AT) VALUES ('8b8efd5e-81f4-11ef-ab40-00ff7a237fef', 'Content 18', 'Description 18', 950, 1, 0, 'user8', 'user8', '2024-10-04 11:01:18', '2024-10-04 11:01:18');
INSERT INTO CONTENT (ID, TITLE, DESCRIPTION, PRICE, IS_PAID, IS_ADULT, CREATED_BY, UPDATED_BY, CREATED_AT, UPDATED_AT) VALUES ('8b8efd7f-81f4-11ef-ab40-00ff7a237fef', 'Content 19', 'Description 19', 1000, 0, 0, 'user9', 'user9', '2024-10-04 11:01:18', '2024-10-04 11:01:18');
INSERT INTO CONTENT (ID, TITLE, DESCRIPTION, PRICE, IS_PAID, IS_ADULT, CREATED_BY, UPDATED_BY, CREATED_AT, UPDATED_AT) VALUES ('8b8efda5-81f4-11ef-ab40-00ff7a237fef', 'Content 20', 'Description 20', 1050, 1, 0, 'user10', 'user10', '2024-10-04 11:01:18', '2024-10-04 11:01:18');

INSERT INTO USERS (ID, PASSWORD, IS_ADULT, CREATED_AT, UPDATED_AT) VALUES ('user16', '$2a$10$2CkqbeFUocOYVwkvye4i0.rreS6xeCgbnUQPA5E0gkRK5RbzGGE.K', 1, '2024-10-05 18:13:48', '2024-10-05 18:13:48');
INSERT INTO USERS (ID, PASSWORD, IS_ADULT, CREATED_AT, UPDATED_AT) VALUES ('user1', '$2a$10$2CkqbeFUocOYVwkvye4i0.rreS6xeCgbnUQPA5E0gkRK5RbzGGE.K', 0, '2024-10-04 11:00:36', '2024-10-04 11:00:36');
INSERT INTO USERS (ID, PASSWORD, IS_ADULT, CREATED_AT, UPDATED_AT) VALUES ('user10', '$2a$10$2CkqbeFUocOYVwkvye4i0.rreS6xeCgbnUQPA5E0gkRK5RbzGGE.K', 1, '2024-10-04 11:00:36', '2024-10-04 11:00:36');
INSERT INTO USERS (ID, PASSWORD, IS_ADULT, CREATED_AT, UPDATED_AT) VALUES ('user11', '$2a$10$2CkqbeFUocOYVwkvye4i0.rreS6xeCgbnUQPA5E0gkRK5RbzGGE.K', 0, '2024-10-05 17:22:38', '2024-10-05 17:22:38');
INSERT INTO USERS (ID, PASSWORD, IS_ADULT, CREATED_AT, UPDATED_AT) VALUES ('user12', '$2a$10$2CkqbeFUocOYVwkvye4i0.rreS6xeCgbnUQPA5E0gkRK5RbzGGE.K', 1, '2024-10-05 18:26:26', '2024-10-05 18:26:26');
INSERT INTO USERS (ID, PASSWORD, IS_ADULT, CREATED_AT, UPDATED_AT) VALUES ('user13', '$2a$10$2CkqbeFUocOYVwkvye4i0.rreS6xeCgbnUQPA5E0gkRK5RbzGGE.K', 0, '2024-10-05 20:32:12', '2024-10-05 21:31:17');
INSERT INTO USERS (ID, PASSWORD, IS_ADULT, CREATED_AT, UPDATED_AT) VALUES ('user14', '$2a$10$2CkqbeFUocOYVwkvye4i0.rreS6xeCgbnUQPA5E0gkRK5RbzGGE.K', 1, '2024-10-06 03:19:48', '2024-10-06 03:19:48');
INSERT INTO USERS (ID, PASSWORD, IS_ADULT, CREATED_AT, UPDATED_AT) VALUES ('user15', '$2a$10$2CkqbeFUocOYVwkvye4i0.rreS6xeCgbnUQPA5E0gkRK5RbzGGE.K', 1, '2024-10-06 06:08:38', '2024-10-06 06:08:38');
INSERT INTO USERS (ID, PASSWORD, IS_ADULT, CREATED_AT, UPDATED_AT) VALUES ('user2', '$2a$10$2CkqbeFUocOYVwkvye4i0.rreS6xeCgbnUQPA5E0gkRK5RbzGGE.K', 1, '2024-10-04 11:00:36', '2024-10-04 11:00:36');
INSERT INTO USERS (ID, PASSWORD, IS_ADULT, CREATED_AT, UPDATED_AT) VALUES ('user3', '$2a$10$2CkqbeFUocOYVwkvye4i0.rreS6xeCgbnUQPA5E0gkRK5RbzGGE.K', 0, '2024-10-04 11:00:36', '2024-10-04 11:00:36');
INSERT INTO USERS (ID, PASSWORD, IS_ADULT, CREATED_AT, UPDATED_AT) VALUES ('user4', '$2a$10$2CkqbeFUocOYVwkvye4i0.rreS6xeCgbnUQPA5E0gkRK5RbzGGE.K', 1, '2024-10-04 11:00:36', '2024-10-04 11:00:36');
INSERT INTO USERS (ID, PASSWORD, IS_ADULT, CREATED_AT, UPDATED_AT) VALUES ('user5', '$2a$10$2CkqbeFUocOYVwkvye4i0.rreS6xeCgbnUQPA5E0gkRK5RbzGGE.K', 0, '2024-10-04 11:00:36', '2024-10-04 11:00:36');
INSERT INTO USERS (ID, PASSWORD, IS_ADULT, CREATED_AT, UPDATED_AT) VALUES ('user6', '$2a$10$2CkqbeFUocOYVwkvye4i0.rreS6xeCgbnUQPA5E0gkRK5RbzGGE.K', 1, '2024-10-04 11:00:36', '2024-10-04 11:00:36');
INSERT INTO USERS (ID, PASSWORD, IS_ADULT, CREATED_AT, UPDATED_AT) VALUES ('user7', '$2a$10$2CkqbeFUocOYVwkvye4i0.rreS6xeCgbnUQPA5E0gkRK5RbzGGE.K', 0, '2024-10-04 11:00:36', '2024-10-04 11:00:36');
INSERT INTO USERS (ID, PASSWORD, IS_ADULT, CREATED_AT, UPDATED_AT) VALUES ('user8', '$2a$10$2CkqbeFUocOYVwkvye4i0.rreS6xeCgbnUQPA5E0gkRK5RbzGGE.K', 1, '2024-10-04 11:00:36', '2024-10-04 11:00:36');
INSERT INTO USERS (ID, PASSWORD, IS_ADULT, CREATED_AT, UPDATED_AT) VALUES ('user9', '$2a$10$2CkqbeFUocOYVwkvye4i0.rreS6xeCgbnUQPA5E0gkRK5RbzGGE.K', 0, '2024-10-04 11:00:36', '2024-10-04 11:00:36');

INSERT INTO CONTENT_FREE_PROMOTION (ID, CONTENT_ID, START_DATE, END_DATE, CREATED_BY, UPDATED_BY, CREATED_AT, UPDATED_AT) VALUES ('c907089b-81f4-11ef-ab40-00ff7a237fef', '8b8eeb6c-81f4-11ef-ab40-00ff7a237fef', '2024-10-04 11:03:01', '2024-11-03 11:03:01', 'user1', 'user1', '2024-10-04 11:03:01', '2024-10-05 02:31:01');
INSERT INTO CONTENT_FREE_PROMOTION (ID, CONTENT_ID, START_DATE, END_DATE, CREATED_BY, UPDATED_BY, CREATED_AT, UPDATED_AT) VALUES ('c9071721-81f4-11ef-ab40-00ff7a237fef', '8b8ef9de-81f4-11ef-ab40-00ff7a237fef', '2024-10-04 11:03:01', '2024-11-03 11:03:01', 'user2', 'user2', '2024-10-04 11:03:01', '2024-10-05 02:31:01');
INSERT INTO CONTENT_FREE_PROMOTION (ID, CONTENT_ID, START_DATE, END_DATE, CREATED_BY, UPDATED_BY, CREATED_AT, UPDATED_AT) VALUES ('c907184a-81f4-11ef-ab40-00ff7a237fef', '8b8efa7d-81f4-11ef-ab40-00ff7a237fef', '2024-10-04 11:03:01', '2024-11-03 11:03:01', 'user3', 'user3', '2024-10-04 11:03:01', '2024-10-05 02:31:01');

INSERT INTO CONTENT_PURCHASE (ID, USER_ID, CONTENT_ID, PROMOTION_ID, PAYMENT_PRICE, PURCHASED_AT) VALUES ('0b062c62-82d6-11ef-a186-00ff7a237fef', 'user2', '8b8efcd2-81f4-11ef-ab40-00ff7a237fef', null, 750, '2024-10-05 13:55:29');
INSERT INTO CONTENT_PURCHASE (ID, USER_ID, CONTENT_ID, PROMOTION_ID, PAYMENT_PRICE, PURCHASED_AT) VALUES ('273796ca-8277-11ef-a186-00ff7a237fef', 'user1', '8b8eeb6c-81f4-11ef-ab40-00ff7a237fef', 'c907089b-81f4-11ef-ab40-00ff7a237fef', 0, '2024-10-05 02:36:14');
INSERT INTO CONTENT_PURCHASE (ID, USER_ID, CONTENT_ID, PROMOTION_ID, PAYMENT_PRICE, PURCHASED_AT) VALUES ('2a1f5d56-8276-11ef-a186-00ff7a237fef', 'user1', '8b8eeb6c-81f4-11ef-ab40-00ff7a237fef', 'c907089b-81f4-11ef-ab40-00ff7a237fef', 100, '2024-10-05 02:29:09');
INSERT INTO CONTENT_PURCHASE (ID, USER_ID, CONTENT_ID, PROMOTION_ID, PAYMENT_PRICE, PURCHASED_AT) VALUES ('34cd6672-8275-11ef-a186-00ff7a237fef', 'user1', '8b8eeb6c-81f4-11ef-ab40-00ff7a237fef', 'c907089b-81f4-11ef-ab40-00ff7a237fef', 100, '2024-10-05 02:22:18');
INSERT INTO CONTENT_PURCHASE (ID, USER_ID, CONTENT_ID, PROMOTION_ID, PAYMENT_PRICE, PURCHASED_AT) VALUES ('39b33752-82d7-11ef-a186-00ff7a237fef', 'user2', '8b8efcd2-81f4-11ef-ab40-00ff7a237fef', null, 750, '2024-10-05 14:03:56');
INSERT INTO CONTENT_PURCHASE (ID, USER_ID, CONTENT_ID, PROMOTION_ID, PAYMENT_PRICE, PURCHASED_AT) VALUES ('56f45e8a-82d7-11ef-a186-00ff7a237fef', 'user2', '8b8efcd2-81f4-11ef-ab40-00ff7a237fef', null, 750, '2024-10-05 14:04:46');
INSERT INTO CONTENT_PURCHASE (ID, USER_ID, CONTENT_ID, PROMOTION_ID, PAYMENT_PRICE, PURCHASED_AT) VALUES ('59cef552-8275-11ef-a186-00ff7a237fef', 'user1', '8b8eeb6c-81f4-11ef-ab40-00ff7a237fef', 'c907089b-81f4-11ef-ab40-00ff7a237fef', 100, '2024-10-05 02:23:20');
INSERT INTO CONTENT_PURCHASE (ID, USER_ID, CONTENT_ID, PROMOTION_ID, PAYMENT_PRICE, PURCHASED_AT) VALUES ('6ed53ad6-8276-11ef-a186-00ff7a237fef', 'user1', '8b8eeb6c-81f4-11ef-ab40-00ff7a237fef', 'c907089b-81f4-11ef-ab40-00ff7a237fef', 100, '2024-10-05 02:31:04');
INSERT INTO CONTENT_PURCHASE (ID, USER_ID, CONTENT_ID, PROMOTION_ID, PAYMENT_PRICE, PURCHASED_AT) VALUES ('7ee8cb40-826e-11ef-a186-00ff7a237fef', 'user1', '8b8eeb6c-81f4-11ef-ab40-00ff7a237fef', null, 100, '2024-10-05 01:34:15');
INSERT INTO CONTENT_PURCHASE (ID, USER_ID, CONTENT_ID, PROMOTION_ID, PAYMENT_PRICE, PURCHASED_AT) VALUES ('7ee8dcad-826e-11ef-a186-00ff7a237fef', 'user2', '8b8eeb6c-81f4-11ef-ab40-00ff7a237fef', 'c907089b-81f4-11ef-ab40-00ff7a237fef', 0, '2024-10-05 01:34:15');
INSERT INTO CONTENT_PURCHASE (ID, USER_ID, CONTENT_ID, PROMOTION_ID, PAYMENT_PRICE, PURCHASED_AT) VALUES ('7ee8de3e-826e-11ef-a186-00ff7a237fef', 'user3', '8b8efa7d-81f4-11ef-ab40-00ff7a237fef', null, 150, '2024-10-05 01:34:15');
INSERT INTO CONTENT_PURCHASE (ID, USER_ID, CONTENT_ID, PROMOTION_ID, PAYMENT_PRICE, PURCHASED_AT) VALUES ('7ee8df5a-826e-11ef-a186-00ff7a237fef', 'user4', '8b8eeb6c-81f4-11ef-ab40-00ff7a237fef', 'c907089b-81f4-11ef-ab40-00ff7a237fef', 0, '2024-10-05 01:34:15');
INSERT INTO CONTENT_PURCHASE (ID, USER_ID, CONTENT_ID, PROMOTION_ID, PAYMENT_PRICE, PURCHASED_AT) VALUES ('7ee8e07f-826e-11ef-a186-00ff7a237fef', 'user5', '8b8efad8-81f4-11ef-ab40-00ff7a237fef', null, 300, '2024-10-05 01:34:15');
INSERT INTO CONTENT_PURCHASE (ID, USER_ID, CONTENT_ID, PROMOTION_ID, PAYMENT_PRICE, PURCHASED_AT) VALUES ('7eea0d42-826e-11ef-a186-00ff7a237fef', 'user6', '8b8eeb6c-81f4-11ef-ab40-00ff7a237fef', 'c907089b-81f4-11ef-ab40-00ff7a237fef', 0, '2024-10-05 01:34:15');
INSERT INTO CONTENT_PURCHASE (ID, USER_ID, CONTENT_ID, PROMOTION_ID, PAYMENT_PRICE, PURCHASED_AT) VALUES ('7eea0fc7-826e-11ef-a186-00ff7a237fef', 'user7', '8b8efb28-81f4-11ef-ab40-00ff7a237fef', null, 400, '2024-10-05 01:34:15');
INSERT INTO CONTENT_PURCHASE (ID, USER_ID, CONTENT_ID, PROMOTION_ID, PAYMENT_PRICE, PURCHASED_AT) VALUES ('7eea1120-826e-11ef-a186-00ff7a237fef', 'user8', '8b8efb53-81f4-11ef-ab40-00ff7a237fef', null, 450, '2024-10-05 01:34:15');
INSERT INTO CONTENT_PURCHASE (ID, USER_ID, CONTENT_ID, PROMOTION_ID, PAYMENT_PRICE, PURCHASED_AT) VALUES ('7eea1286-826e-11ef-a186-00ff7a237fef', 'user9', '8b8efb7d-81f4-11ef-ab40-00ff7a237fef', null, 500, '2024-10-05 01:34:15');
INSERT INTO CONTENT_PURCHASE (ID, USER_ID, CONTENT_ID, PROMOTION_ID, PAYMENT_PRICE, PURCHASED_AT) VALUES ('7eea13ad-826e-11ef-a186-00ff7a237fef', 'user10', '8b8efb9d-81f4-11ef-ab40-00ff7a237fef', null, 550, '2024-10-05 01:34:15');
INSERT INTO CONTENT_PURCHASE (ID, USER_ID, CONTENT_ID, PROMOTION_ID, PAYMENT_PRICE, PURCHASED_AT) VALUES ('7eea14d2-826e-11ef-a186-00ff7a237fef', 'user1', '8b8efbc4-81f4-11ef-ab40-00ff7a237fef', null, 600, '2024-10-05 01:34:15');
INSERT INTO CONTENT_PURCHASE (ID, USER_ID, CONTENT_ID, PROMOTION_ID, PAYMENT_PRICE, PURCHASED_AT) VALUES ('7eea15f4-826e-11ef-a186-00ff7a237fef', 'user2', '8b8efc85-81f4-11ef-ab40-00ff7a237fef', null, 650, '2024-10-05 01:34:15');
INSERT INTO CONTENT_PURCHASE (ID, USER_ID, CONTENT_ID, PROMOTION_ID, PAYMENT_PRICE, PURCHASED_AT) VALUES ('7eea171f-826e-11ef-a186-00ff7a237fef', 'user3', '8b8efcab-81f4-11ef-ab40-00ff7a237fef', null, 700, '2024-10-05 01:34:15');
INSERT INTO CONTENT_PURCHASE (ID, USER_ID, CONTENT_ID, PROMOTION_ID, PAYMENT_PRICE, PURCHASED_AT) VALUES ('7eea1849-826e-11ef-a186-00ff7a237fef', 'user4', '8b8efcd2-81f4-11ef-ab40-00ff7a237fef', null, 750, '2024-10-05 01:34:15');
INSERT INTO CONTENT_PURCHASE (ID, USER_ID, CONTENT_ID, PROMOTION_ID, PAYMENT_PRICE, PURCHASED_AT) VALUES ('7eea1989-826e-11ef-a186-00ff7a237fef', 'user5', '8b8efcf3-81f4-11ef-ab40-00ff7a237fef', null, 800, '2024-10-05 01:34:15');
INSERT INTO CONTENT_PURCHASE (ID, USER_ID, CONTENT_ID, PROMOTION_ID, PAYMENT_PRICE, PURCHASED_AT) VALUES ('7eea1ac5-826e-11ef-a186-00ff7a237fef', 'user6', '8b8efd14-81f4-11ef-ab40-00ff7a237fef', null, 850, '2024-10-05 01:34:15');
INSERT INTO CONTENT_PURCHASE (ID, USER_ID, CONTENT_ID, PROMOTION_ID, PAYMENT_PRICE, PURCHASED_AT) VALUES ('7eea1c21-826e-11ef-a186-00ff7a237fef', 'user7', '8b8efd38-81f4-11ef-ab40-00ff7a237fef', null, 900, '2024-10-05 01:34:15');
INSERT INTO CONTENT_PURCHASE (ID, USER_ID, CONTENT_ID, PROMOTION_ID, PAYMENT_PRICE, PURCHASED_AT) VALUES ('7eea1dab-826e-11ef-a186-00ff7a237fef', 'user8', '8b8ef9de-81f4-11ef-ab40-00ff7a237fef', 'c9071721-81f4-11ef-ab40-00ff7a237fef', 0, '2024-10-05 01:34:15');
INSERT INTO CONTENT_PURCHASE (ID, USER_ID, CONTENT_ID, PROMOTION_ID, PAYMENT_PRICE, PURCHASED_AT) VALUES ('7eea1ea4-826e-11ef-a186-00ff7a237fef', 'user9', '8b8ef9de-81f4-11ef-ab40-00ff7a237fef', 'c9071721-81f4-11ef-ab40-00ff7a237fef', 0, '2024-10-05 01:34:15');
INSERT INTO CONTENT_PURCHASE (ID, USER_ID, CONTENT_ID, PROMOTION_ID, PAYMENT_PRICE, PURCHASED_AT) VALUES ('7eea1f8e-826e-11ef-a186-00ff7a237fef', 'user10', '8b8ef9de-81f4-11ef-ab40-00ff7a237fef', 'c9071721-81f4-11ef-ab40-00ff7a237fef', 0, '2024-10-05 01:34:15');
INSERT INTO CONTENT_PURCHASE (ID, USER_ID, CONTENT_ID, PROMOTION_ID, PAYMENT_PRICE, PURCHASED_AT) VALUES ('7eea2072-826e-11ef-a186-00ff7a237fef', 'user1', '8b8efa7d-81f4-11ef-ab40-00ff7a237fef', 'c907184a-81f4-11ef-ab40-00ff7a237fef', 0, '2024-10-05 01:34:15');
INSERT INTO CONTENT_PURCHASE (ID, USER_ID, CONTENT_ID, PROMOTION_ID, PAYMENT_PRICE, PURCHASED_AT) VALUES ('7eea2155-826e-11ef-a186-00ff7a237fef', 'user2', '8b8efa7d-81f4-11ef-ab40-00ff7a237fef', 'c907184a-81f4-11ef-ab40-00ff7a237fef', 0, '2024-10-05 01:34:15');
INSERT INTO CONTENT_PURCHASE (ID, USER_ID, CONTENT_ID, PROMOTION_ID, PAYMENT_PRICE, PURCHASED_AT) VALUES ('7eea2238-826e-11ef-a186-00ff7a237fef', 'user3', '8b8efa7d-81f4-11ef-ab40-00ff7a237fef', 'c907184a-81f4-11ef-ab40-00ff7a237fef', 0, '2024-10-05 01:34:15');
INSERT INTO CONTENT_PURCHASE (ID, USER_ID, CONTENT_ID, PROMOTION_ID, PAYMENT_PRICE, PURCHASED_AT) VALUES ('7eea231a-826e-11ef-a186-00ff7a237fef', 'user4', '8b8efd5e-81f4-11ef-ab40-00ff7a237fef', null, 950, '2024-10-05 01:34:15');
INSERT INTO CONTENT_PURCHASE (ID, USER_ID, CONTENT_ID, PROMOTION_ID, PAYMENT_PRICE, PURCHASED_AT) VALUES ('7eea2462-826e-11ef-a186-00ff7a237fef', 'user5', '8b8efd7f-81f4-11ef-ab40-00ff7a237fef', null, 1000, '2024-10-05 01:34:15');
INSERT INTO CONTENT_PURCHASE (ID, USER_ID, CONTENT_ID, PROMOTION_ID, PAYMENT_PRICE, PURCHASED_AT) VALUES ('7eea25aa-826e-11ef-a186-00ff7a237fef', 'user6', '8b8efda5-81f4-11ef-ab40-00ff7a237fef', null, 1050, '2024-10-05 01:34:15');
INSERT INTO CONTENT_PURCHASE (ID, USER_ID, CONTENT_ID, PROMOTION_ID, PAYMENT_PRICE, PURCHASED_AT) VALUES ('7eea26f4-826e-11ef-a186-00ff7a237fef', 'user7', '8b8ef9de-81f4-11ef-ab40-00ff7a237fef', null, 200, '2024-10-05 01:34:15');
INSERT INTO CONTENT_PURCHASE (ID, USER_ID, CONTENT_ID, PROMOTION_ID, PAYMENT_PRICE, PURCHASED_AT) VALUES ('7eea27d5-826e-11ef-a186-00ff7a237fef', 'user8', '8b8efa7d-81f4-11ef-ab40-00ff7a237fef', null, 150, '2024-10-05 01:34:15');
INSERT INTO CONTENT_PURCHASE (ID, USER_ID, CONTENT_ID, PROMOTION_ID, PAYMENT_PRICE, PURCHASED_AT) VALUES ('7eea28ef-826e-11ef-a186-00ff7a237fef', 'user9', '8b8efab0-81f4-11ef-ab40-00ff7a237fef', null, 250, '2024-10-05 01:34:15');
INSERT INTO CONTENT_PURCHASE (ID, USER_ID, CONTENT_ID, PROMOTION_ID, PAYMENT_PRICE, PURCHASED_AT) VALUES ('7eea29eb-826e-11ef-a186-00ff7a237fef', 'user10', '8b8efad8-81f4-11ef-ab40-00ff7a237fef', null, 300, '2024-10-05 01:34:15');
INSERT INTO CONTENT_PURCHASE (ID, USER_ID, CONTENT_ID, PROMOTION_ID, PAYMENT_PRICE, PURCHASED_AT) VALUES ('81601fb0-82d8-11ef-a186-00ff7a237fef', 'user2', '8b8efcd2-81f4-11ef-ab40-00ff7a237fef', null, 750, '2024-10-05 14:13:06');
INSERT INTO CONTENT_PURCHASE (ID, USER_ID, CONTENT_ID, PROMOTION_ID, PAYMENT_PRICE, PURCHASED_AT) VALUES ('8d6890c0-8277-11ef-a186-00ff7a237fef', 'user1', '8b8efcd2-81f4-11ef-ab40-00ff7a237fef', null, 750, '2024-10-05 02:39:05');
INSERT INTO CONTENT_PURCHASE (ID, USER_ID, CONTENT_ID, PROMOTION_ID, PAYMENT_PRICE, PURCHASED_AT) VALUES ('90fb6816-82d8-11ef-a186-00ff7a237fef', 'user2', '8b8efcd2-81f4-11ef-ab40-00ff7a237fef', null, 750, '2024-10-05 14:13:32');
INSERT INTO CONTENT_PURCHASE (ID, USER_ID, CONTENT_ID, PROMOTION_ID, PAYMENT_PRICE, PURCHASED_AT) VALUES ('a5db22dc-8315-11ef-a186-00ff7a237fef', 'user13', '8b8eeb6c-81f4-11ef-ab40-00ff7a237fef', 'c907089b-81f4-11ef-ab40-00ff7a237fef', 100, '2024-10-05 21:30:47');
INSERT INTO CONTENT_PURCHASE (ID, USER_ID, CONTENT_ID, PROMOTION_ID, PAYMENT_PRICE, PURCHASED_AT) VALUES ('c99e6f2c-834d-11ef-a186-00ff7a237fef', 'user14', '8b8eeb6c-81f4-11ef-ab40-00ff7a237fef', 'c907089b-81f4-11ef-ab40-00ff7a237fef', 100, '2024-10-06 04:12:43');

INSERT INTO CONTENT_VIEW_HISTORY (ID, USER_ID, CONTENT_ID, VIEWED_AT) VALUES ('b4282c3b-81f4-11ef-ab40-00ff7a237fef', 'user1', '8b8eeb6c-81f4-11ef-ab40-00ff7a237fef', '2024-10-04 11:02:26');
INSERT INTO CONTENT_VIEW_HISTORY (ID, USER_ID, CONTENT_ID, VIEWED_AT) VALUES ('b4283c92-81f4-11ef-ab40-00ff7a237fef', 'user2', '8b8ef9de-81f4-11ef-ab40-00ff7a237fef', '2024-10-04 11:02:26');
INSERT INTO CONTENT_VIEW_HISTORY (ID, USER_ID, CONTENT_ID, VIEWED_AT) VALUES ('b4283df7-81f4-11ef-ab40-00ff7a237fef', 'user3', '8b8efa7d-81f4-11ef-ab40-00ff7a237fef', '2024-10-04 11:02:26');
INSERT INTO CONTENT_VIEW_HISTORY (ID, USER_ID, CONTENT_ID, VIEWED_AT) VALUES ('b4283ea4-81f4-11ef-ab40-00ff7a237fef', 'user4', '8b8efab0-81f4-11ef-ab40-00ff7a237fef', '2024-10-04 11:02:26');
INSERT INTO CONTENT_VIEW_HISTORY (ID, USER_ID, CONTENT_ID, VIEWED_AT) VALUES ('b4283f43-81f4-11ef-ab40-00ff7a237fef', 'user5', '8b8efad8-81f4-11ef-ab40-00ff7a237fef', '2024-10-04 11:02:26');
INSERT INTO CONTENT_VIEW_HISTORY (ID, USER_ID, CONTENT_ID, VIEWED_AT) VALUES ('b4296218-81f4-11ef-ab40-00ff7a237fef', 'user6', '8b8efb00-81f4-11ef-ab40-00ff7a237fef', '2024-10-04 11:02:26');
INSERT INTO CONTENT_VIEW_HISTORY (ID, USER_ID, CONTENT_ID, VIEWED_AT) VALUES ('b4296579-81f4-11ef-ab40-00ff7a237fef', 'user7', '8b8efb28-81f4-11ef-ab40-00ff7a237fef', '2024-10-04 11:02:26');
INSERT INTO CONTENT_VIEW_HISTORY (ID, USER_ID, CONTENT_ID, VIEWED_AT) VALUES ('b42966ff-81f4-11ef-ab40-00ff7a237fef', 'user8', '8b8efb53-81f4-11ef-ab40-00ff7a237fef', '2024-10-04 11:02:26');
INSERT INTO CONTENT_VIEW_HISTORY (ID, USER_ID, CONTENT_ID, VIEWED_AT) VALUES ('b4296843-81f4-11ef-ab40-00ff7a237fef', 'user9', '8b8efb7d-81f4-11ef-ab40-00ff7a237fef', '2024-10-04 11:02:26');
INSERT INTO CONTENT_VIEW_HISTORY (ID, USER_ID, CONTENT_ID, VIEWED_AT) VALUES ('b429698f-81f4-11ef-ab40-00ff7a237fef', 'user10', '8b8efb9d-81f4-11ef-ab40-00ff7a237fef', '2024-10-04 11:02:26');
INSERT INTO CONTENT_VIEW_HISTORY (ID, USER_ID, CONTENT_ID, VIEWED_AT) VALUES ('b4296abe-81f4-11ef-ab40-00ff7a237fef', 'user1', '8b8efbc4-81f4-11ef-ab40-00ff7a237fef', '2024-10-04 11:02:26');
INSERT INTO CONTENT_VIEW_HISTORY (ID, USER_ID, CONTENT_ID, VIEWED_AT) VALUES ('b4296c0a-81f4-11ef-ab40-00ff7a237fef', 'user2', '8b8efc85-81f4-11ef-ab40-00ff7a237fef', '2024-10-04 11:02:26');
INSERT INTO CONTENT_VIEW_HISTORY (ID, USER_ID, CONTENT_ID, VIEWED_AT) VALUES ('b4296d36-81f4-11ef-ab40-00ff7a237fef', 'user3', '8b8efcab-81f4-11ef-ab40-00ff7a237fef', '2024-10-04 11:02:26');
INSERT INTO CONTENT_VIEW_HISTORY (ID, USER_ID, CONTENT_ID, VIEWED_AT) VALUES ('b4296e97-81f4-11ef-ab40-00ff7a237fef', 'user4', '8b8efcd2-81f4-11ef-ab40-00ff7a237fef', '2024-10-04 11:02:26');
INSERT INTO CONTENT_VIEW_HISTORY (ID, USER_ID, CONTENT_ID, VIEWED_AT) VALUES ('b4297003-81f4-11ef-ab40-00ff7a237fef', 'user5', '8b8efcf3-81f4-11ef-ab40-00ff7a237fef', '2024-10-04 11:02:26');
INSERT INTO CONTENT_VIEW_HISTORY (ID, USER_ID, CONTENT_ID, VIEWED_AT) VALUES ('b4297157-81f4-11ef-ab40-00ff7a237fef', 'user6', '8b8efd14-81f4-11ef-ab40-00ff7a237fef', '2024-10-04 11:02:26');
INSERT INTO CONTENT_VIEW_HISTORY (ID, USER_ID, CONTENT_ID, VIEWED_AT) VALUES ('b42972b5-81f4-11ef-ab40-00ff7a237fef', 'user7', '8b8efd38-81f4-11ef-ab40-00ff7a237fef', '2024-10-04 11:02:26');
INSERT INTO CONTENT_VIEW_HISTORY (ID, USER_ID, CONTENT_ID, VIEWED_AT) VALUES ('b429741b-81f4-11ef-ab40-00ff7a237fef', 'user8', '8b8efd5e-81f4-11ef-ab40-00ff7a237fef', '2024-10-04 11:02:26');
INSERT INTO CONTENT_VIEW_HISTORY (ID, USER_ID, CONTENT_ID, VIEWED_AT) VALUES ('b42975dc-81f4-11ef-ab40-00ff7a237fef', 'user9', '8b8efd7f-81f4-11ef-ab40-00ff7a237fef', '2024-10-04 11:02:26');
INSERT INTO CONTENT_VIEW_HISTORY (ID, USER_ID, CONTENT_ID, VIEWED_AT) VALUES ('b429775c-81f4-11ef-ab40-00ff7a237fef', 'user10', '8b8efda5-81f4-11ef-ab40-00ff7a237fef', '2024-10-04 11:02:26');
INSERT INTO CONTENT_VIEW_HISTORY (ID, USER_ID, CONTENT_ID, VIEWED_AT) VALUES ('b42978c9-81f4-11ef-ab40-00ff7a237fef', 'user1', '8b8eeb6c-81f4-11ef-ab40-00ff7a237fef', '2024-10-04 11:02:26');
INSERT INTO CONTENT_VIEW_HISTORY (ID, USER_ID, CONTENT_ID, VIEWED_AT) VALUES ('b42979f2-81f4-11ef-ab40-00ff7a237fef', 'user2', '8b8ef9de-81f4-11ef-ab40-00ff7a237fef', '2024-10-04 11:02:26');
INSERT INTO CONTENT_VIEW_HISTORY (ID, USER_ID, CONTENT_ID, VIEWED_AT) VALUES ('b4297b0f-81f4-11ef-ab40-00ff7a237fef', 'user3', '8b8efa7d-81f4-11ef-ab40-00ff7a237fef', '2024-10-04 11:02:26');
INSERT INTO CONTENT_VIEW_HISTORY (ID, USER_ID, CONTENT_ID, VIEWED_AT) VALUES ('b4297c3e-81f4-11ef-ab40-00ff7a237fef', 'user4', '8b8efab0-81f4-11ef-ab40-00ff7a237fef', '2024-10-04 11:02:26');
INSERT INTO CONTENT_VIEW_HISTORY (ID, USER_ID, CONTENT_ID, VIEWED_AT) VALUES ('b4297d61-81f4-11ef-ab40-00ff7a237fef', 'user5', '8b8efad8-81f4-11ef-ab40-00ff7a237fef', '2024-10-04 11:02:26');
INSERT INTO CONTENT_VIEW_HISTORY (ID, USER_ID, CONTENT_ID, VIEWED_AT) VALUES ('b4297e9b-81f4-11ef-ab40-00ff7a237fef', 'user6', '8b8efb00-81f4-11ef-ab40-00ff7a237fef', '2024-10-04 11:02:26');
INSERT INTO CONTENT_VIEW_HISTORY (ID, USER_ID, CONTENT_ID, VIEWED_AT) VALUES ('b4297fb7-81f4-11ef-ab40-00ff7a237fef', 'user7', '8b8efb28-81f4-11ef-ab40-00ff7a237fef', '2024-10-04 11:02:26');
INSERT INTO CONTENT_VIEW_HISTORY (ID, USER_ID, CONTENT_ID, VIEWED_AT) VALUES ('b42980f5-81f4-11ef-ab40-00ff7a237fef', 'user8', '8b8efb53-81f4-11ef-ab40-00ff7a237fef', '2024-10-04 11:02:26');
INSERT INTO CONTENT_VIEW_HISTORY (ID, USER_ID, CONTENT_ID, VIEWED_AT) VALUES ('b4298218-81f4-11ef-ab40-00ff7a237fef', 'user9', '8b8efb7d-81f4-11ef-ab40-00ff7a237fef', '2024-10-04 11:02:26');
INSERT INTO CONTENT_VIEW_HISTORY (ID, USER_ID, CONTENT_ID, VIEWED_AT) VALUES ('b4298446-81f4-11ef-ab40-00ff7a237fef', 'user10', '8b8efb9d-81f4-11ef-ab40-00ff7a237fef', '2024-10-04 11:02:26');
